num_points,num_detections,grid_rows,grid_cols,cpu_naive_ms,cpu_naive_std,cpu_vectorized_ms,cpu_vectorized_std,cpu_kdtree_ms,cpu_kdtree_std,cpu_kdtree_batch_ms,cpu_kdtree_batch_std,gpu_ms,gpu_std,gpu_available,speedup_kdtree_vs_naive,speedup_gpu_vs_naive,speedup_gpu_vs_kdtree
100,98,5,20,0.30676366744349554,0.03394783661580635,0.11901399981676757,0.016081347109221544,1.9398473335362116,0.05273592242187457,2.0142633323606183,0.1470733251790746,0.11574999977407667,0.005169297440490127,False,0.1581380462988734,2.6502260737990793,16.758940279243603
506,488,11,46,3.165014000236018,0.10453721687874258,2.9423889997512256,0.384185115981143,12.855361000523166,0.12663344164282678,13.133208333480676,0.2552684868153567,2.5810693338523074,0.03779187412332996,False,0.2462018764083882,1.226241371638072,4.980633736535947
1005,981,15,67,10.668014000354257,0.20025043582332855,11.622208333089171,0.9969614201906192,27.528888666590017,0.16705079298390665,27.78891666700171,0.32103930801739455,10.579181000139215,0.03718758395564033,False,0.38752069251895793,1.008396963830553,2.602175789054725
2500,2434,25,100,61.387388999719406,0.5604654180619238,80.07337466672955,14.610189684865405,77.47887466757675,0.9839062285236864,77.86243033357702,0.7604316742387779,67.44351399963004,0.15793870594157816,False,0.7923113140595047,0.9102044860838084,1.1487965272391019
5005,4844,35,143,nan,nan,268.7072776667871,76.37740613262518,163.03374999976464,0.7065014979530504,164.58054166711614,0.8215453019325852,214.45520833367482,1.2837535916424447,False,1.6481696438140876,1.2529762263861668,0.7602228515061169
10000,9697,50,200,nan,nan,2063.898694332238,501.7075445590078,361.93451433306717,11.25492254996579,355.85527800079336,3.1065098194369156,1012.0479026663816,155.70300137607111,False,5.702409172375732,2.0393290563565305,0.35762587262865736
