num_points,num_detections,grid_rows,grid_cols,cpu_naive_ms,cpu_naive_std,cpu_vectorized_ms,cpu_vectorized_std,cpu_kdtree_ms,cpu_kdtree_std,cpu_kdtree_batch_ms,cpu_kdtree_batch_std,gpu_ms,gpu_std,gpu_available,speedup_kdtree_vs_naive,speedup_gpu_vs_naive,speedup_gpu_vs_kdtree
100,98,5,20,0.35684700014826376,0.029505213951390524,0.13232000007216507,0.015018653633538069,2.0680003332624133,0.014787205734555976,1.9998193335292551,0.0712493956837722,0.11115266655300123,0.003000100976596365,False,0.17255654866617598,3.2104223066759037,18.605044731664833
1005,981,15,67,11.337152667086533,0.16479910656660948,12.162500333943171,1.0565695994796094,30.349930999970336,0.37276344050791416,30.585166667151498,0.6983261953736991,11.395916666515404,0.17016218621663473,False,0.3735478893542662,0.9948434161859452,2.663228583370346
5005,4844,35,143,nan,nan,242.6337219991789,33.71353043290886,176.49726399940846,5.003231871402033,175.96622200047327,2.7720860831277343,222.58970833293765,6.533005074361441,False,1.3747166188366076,1.0900491483472385,0.7929264354640035
10000,9697,50,200,nan,nan,1533.7043470002147,261.6242373655844,388.23240266659315,9.694547608537684,371.54873599987087,1.5222459630993537,900.3448330004176,42.12336435024519,False,3.9504800126570885,1.7034632629468351,0.43120412139513337
